<application>
  <component name="ProjectManager">
    <defaultProject>
      <component name="AutoImportSettings">
        <option name="autoReloadType" value="SELECTIVE" />
      </component>
      <component name="CompilerConfiguration">
        <bytecodeTargetLevel target="21" />
      </component>
      <component name="Encoding" defaultCharsetForPropertiesFiles="UTF-8">
        <file url="PROJECT" charset="UTF-8" />
      </component>
      <component name="MavenImportPreferences">
        <option name="generalSettings">
          <MavenGeneralSettings>
            <option name="customMavenHome" value="E:\javaweb\apache-maven-3.6.1" />
            <option name="mavenHomeTypeForPersistence" value="CUSTOM" />
            <option name="userSettingsFile" value="E:\javaweb\apache-maven-3.6.1\conf\settings.xml" />
          </MavenGeneralSettings>
        </option>
      </component>
      <component name="MavenRunner">
        <option name="jreName" value="21" />
      </component>
      <component name="PropertiesComponent">{
  &quot;keyToString&quot;: {
    &quot;settings.editor.selected.configurable&quot;: &quot;editor.preferences.completion&quot;
  }
}</component>
      <component name="WindowStateProjectService">
        <state x="727" y="154" key="FileChooserDialogImpl" timestamp="1710815009560">
          <screen x="0" y="0" width="1536" height="816" />
        </state>
        <state x="727" y="154" key="FileChooserDialogImpl/0.0.1536.816" timestamp="1710815009560" />
        <state x="383" y="79" key="SettingsEditor" timestamp="1712040719382">
          <screen x="0" y="0" width="1536" height="816" />
        </state>
        <state x="383" y="79" key="SettingsEditor/0.0.1536.816" timestamp="1712040719382" />
      </component>
      <component name="masterDetails">
        <states>
          <state key="ScopeChooserConfigurable.UI">
            <settings>
              <splitter-proportions>
                <option name="proportions">
                  <list>
                    <option value="0.2" />
                  </list>
                </option>
              </splitter-proportions>
            </settings>
          </state>
        </states>
      </component>
    </defaultProject>
  </component>
</application>